Workbook

Sheet Finalized .CSV File
A1: Team | B1: PFF Abbreviation | C1: Pass Coverage Standardized Entropy | D1: Average Cornerback Coverage Grade | E1: Average Safety Coverage Grade | F1: Average Edge Rusher Total Grade | G1: EPA/Pass
A2: Giants | B2: NYG | C2: 0.72095754 | D2: =AVERAGEIFS('2025 Coverage Grades by Team'!$D:$D, '2025 Coverage Grades by Team'!$A:$A, B2, '2025 Coverage Grades by Team'!$B:$B, "CB") -> -0.056894522 | E2: =AVERAGEIFS('2025 Coverage Grades by Team'!$D:$D, '2025 Coverage Grades by Team'!$A:$A, B2, '2025 Coverage Grades by Team'!$B:$B, "S") -> -0.032027195 | F2: =AVERAGEIFS('2025 Coverage Grades by Team'!$C:$C, '2025 Coverage Grades by Team'!$A:$A, B2, '2025 Coverage Grades by Team'!$B:$B, "ED") -> 0.13012998 | G2: =_xlfn.XLOOKUP(B2, '2025 Pass Defense Outcomes'!$B:$B, '2025 Pass Defense Outcomes'!$G:$G) -> 0.06
A3: Saints | B3: NO | C3: 0.71924603 | D3: =AVERAGEIFS('2025 Coverage Grades by Team'!$D:$D, '2025 Coverage Grades by Team'!$A:$A, B3, '2025 Coverage Grades by Team'!$B:$B, "CB") -> -0.048891507 | E3: =AVERAGEIFS('2025 Coverage Grades by Team'!$D:$D, '2025 Coverage Grades by Team'!$A:$A, B3, '2025 Coverage Grades by Team'!$B:$B, "S") -> -0.0094188191 | F3: =AVERAGEIFS('2025 Coverage Grades by Team'!$C:$C, '2025 Coverage Grades by Team'!$A:$A, B3, '2025 Coverage Grades by Team'!$B:$B, "ED") -> 0.00085468069 | G3: =_xlfn.XLOOKUP(B3, '2025 Pass Defense Outcomes'!$B:$B, '2025 Pass Defense Outcomes'!$G:$G) -> 0.04
A4: Chargers | B4: LAC | C4: 0.71329689 | D4: =AVERAGEIFS('2025 Coverage Grades by Team'!$D:$D, '2025 Coverage Grades by Team'!$A:$A, B4, '2025 Coverage Grades by Team'!$B:$B, "CB") -> -0.010132885 | E4: =AVERAGEIFS('2025 Coverage Grades by Team'!$D:$D, '2025 Coverage Grades by Team'!$A:$A, B4, '2025 Coverage Grades by Team'!$B:$B, "S") -> -0.026054263 | F4: =AVERAGEIFS('2025 Coverage Grades by Team'!$C:$C, '2025 Coverage Grades by Team'!$A:$A, B4, '2025 Coverage Grades by Team'!$B:$B, "ED") -> -0.14002172 | G4: =_xlfn.XLOOKUP(B4, '2025 Pass Defense Outcomes'!$B:$B, '2025 Pass Defense Outcomes'!$G:$G) -> -0.08
A5: Rams | B5: LA | C5: 0.77546662 | D5: =AVERAGEIFS('2025 Coverage Grades by Team'!$D:$D, '2025 Coverage Grades by Team'!$A:$A, B5, '2025 Coverage Grades by Team'!$B:$B, "CB") -> -0.016146072 | E5: =AVERAGEIFS('2025 Coverage Grades by Team'!$D:$D, '2025 Coverage Grades by Team'!$A:$A, B5, '2025 Coverage Grades by Team'!$B:$B, "S") -> -0.020308724 | F5: =AVERAGEIFS('2025 Coverage Grades by Team'!$C:$C, '2025 Coverage Grades by Team'!$A:$A, B5, '2025 Coverage Grades by Team'!$B:$B, "ED") -> 0.067445514 | G5: =_xlfn.XLOOKUP(B5, '2025 Pass Defense Outcomes'!$B:$B, '2025 Pass Defense Outcomes'!$G:$G) -> -0.12
A6: Vikings | B6: MIN | C6: 0.7584755 | D6: =AVERAGEIFS('2025 Coverage Grades by Team'!$D:$D, '2025 Coverage Grades by Team'!$A:$A, B6, '2025 Coverage Grades by Team'!$B:$B, "CB") -> -0.069098415 | E6: =AVERAGEIFS('2025 Coverage Grades by Team'!$D:$D, '2025 Coverage Grades by Team'!$A:$A, B6, '2025 Coverage Grades by Team'!$B:$B, "S") -> -0.017570171 | F6: =AVERAGEIFS('2025 Coverage Grades by Team'!$C:$C, '2025 Coverage Grades by Team'!$A:$A, B6, '2025 Coverage Grades by Team'!$B:$B, "ED") -> -0.086313901 | G6: =_xlfn.XLOOKUP(B6, '2025 Pass Defense Outcomes'!$B:$B, '2025 Pass Defense Outcomes'!$G:$G) -> -0.05
A7: Eagles | B7: PHI | C7: 0.79260319 | D7: =AVERAGEIFS('2025 Coverage Grades by Team'!$D:$D, '2025 Coverage Grades by Team'!$A:$A, B7, '2025 Coverage Grades by Team'!$B:$B, "CB") -> -0.10978097 | E7: =AVERAGEIFS('2025 Coverage Grades by Team'!$D:$D, '2025 Coverage Grades by Team'!$A:$A, B7, '2025 Coverage Grades by Team'!$B:$B, "S") -> -0.086876112 | F7: =AVERAGEIFS('2025 Coverage Grades by Team'!$C:$C, '2025 Coverage Grades by Team'!$A:$A, B7, '2025 Coverage Grades by Team'!$B:$B, "ED") -> 0.03352428 | G7: =_xlfn.XLOOKUP(B7, '2025 Pass Defense Outcomes'!$B:$B, '2025 Pass Defense Outcomes'!$G:$G) -> -0.06
A8: Seahawks | B8: SEA | C8: 0.78050631 | D8: =AVERAGEIFS('2025 Coverage Grades by Team'!$D:$D, '2025 Coverage Grades by Team'!$A:$A, B8, '2025 Coverage Grades by Team'!$B:$B, "CB") -> -0.038845832 | E8: =AVERAGEIFS('2025 Coverage Grades by Team'!$D:$D, '2025 Coverage Grades by Team'!$A:$A, B8, '2025 Coverage Grades by Team'!$B:$B, "S") -> -0.023802309 | F8: =AVERAGEIFS('2025 Coverage Grades by Team'!$C:$C, '2025 Coverage Grades by Team'!$A:$A, B8, '2025 Coverage Grades by Team'!$B:$B, "ED") -> 0.037293379 | G8: =_xlfn.XLOOKUP(B8, '2025 Pass Defense Outcomes'!$B:$B, '2025 Pass Defense Outcomes'!$G:$G) -> -0.08
A9: Buccaneers | B9: TB | C9: 0.78759639 | D9: =AVERAGEIFS('2025 Coverage Grades by Team'!$D:$D, '2025 Coverage Grades by Team'!$A:$A, B9, '2025 Coverage Grades by Team'!$B:$B, "CB") -> -0.036379596 | E9: =AVERAGEIFS('2025 Coverage Grades by Team'!$D:$D, '2025 Coverage Grades by Team'!$A:$A, B9, '2025 Coverage Grades by Team'!$B:$B, "S") -> -0.0044820718 | F9: =AVERAGEIFS('2025 Coverage Grades by Team'!$C:$C, '2025 Coverage Grades by Team'!$A:$A, B9, '2025 Coverage Grades by Team'!$B:$B, "ED") -> -0.041772631 | G9: =_xlfn.XLOOKUP(B9, '2025 Pass Defense Outcomes'!$B:$B, '2025 Pass Defense Outcomes'!$G:$G) -> 0.03
A10: Dolphins | B10: MIA | C10: 0.72151486 | D10: =AVERAGEIFS('2025 Coverage Grades by Team'!$D:$D, '2025 Coverage Grades by Team'!$A:$A, B10, '2025 Coverage Grades by Team'!$B:$B, "CB") -> -0.052624038 | E10: =AVERAGEIFS('2025 Coverage Grades by Team'!$D:$D, '2025 Coverage Grades by Team'!$A:$A, B10, '2025 Coverage Grades by Team'!$B:$B, "S") -> -0.10701468 | F10: =AVERAGEIFS('2025 Coverage Grades by Team'!$C:$C, '2025 Coverage Grades by Team'!$A:$A, B10, '2025 Coverage Grades by Team'!$B:$B, "ED") -> 0.11127358 | G10: =_xlfn.XLOOKUP(B10, '2025 Pass Defense Outcomes'!$B:$B, '2025 Pass Defense Outcomes'!$G:$G) -> 0.14
A11: Jets | B11: NYJ | C11: 0.76669811 | D11: =AVERAGEIFS('2025 Coverage Grades by Team'!$D:$D, '2025 Coverage Grades by Team'!$A:$A, B11, '2025 Coverage Grades by Team'!$B:$B, "CB") -> -0.035528071 | E11: =AVERAGEIFS('2025 Coverage Grades by Team'!$D:$D, '2025 Coverage Grades by Team'!$A:$A, B11, '2025 Coverage Grades by Team'!$B:$B, "S") -> -0.052093008 | F11: =AVERAGEIFS('2025 Coverage Grades by Team'!$C:$C, '2025 Coverage Grades by Team'!$A:$A, B11, '2025 Coverage Grades by Team'!$B:$B, "ED") -> -0.30558773 | G11: =_xlfn.XLOOKUP(B11, '2025 Pass Defense Outcomes'!$B:$B, '2025 Pass Defense Outcomes'!$G:$G) -> 0.13
A12: Chiefs | B12: KC | C12: 0.80159561 | D12: =AVERAGEIFS('2025 Coverage Grades by Team'!$D:$D, '2025 Coverage Grades by Team'!$A:$A, B12, '2025 Coverage Grades by Team'!$B:$B, "CB") -> -0.010858629 | E12: =AVERAGEIFS('2025 Coverage Grades by Team'!$D:$D, '2025 Coverage Grades by Team'!$A:$A, B12, '2025 Coverage Grades by Team'!$B:$B, "S") -> -0.02092744 | F12: =AVERAGEIFS('2025 Coverage Grades by Team'!$C:$C, '2025 Coverage Grades by Team'!$A:$A, B12, '2025 Coverage Grades by Team'!$B:$B, "ED") -> -0.0089416625 | G12: =_xlfn.XLOOKUP(B12, '2025 Pass Defense Outcomes'!$B:$B, '2025 Pass Defense Outcomes'!$G:$G) -> 0.01
A13: Bills | B13: BUF | C13: 0.75009529 | D13: =AVERAGEIFS('2025 Coverage Grades by Team'!$D:$D, '2025 Coverage Grades by Team'!$A:$A, B13, '2025 Coverage Grades by Team'!$B:$B, "CB") -> -0.041676721 | E13: =AVERAGEIFS('2025 Coverage Grades by Team'!$D:$D, '2025 Coverage Grades by Team'!$A:$A, B13, '2025 Coverage Grades by Team'!$B:$B, "S") -> -0.036885543 | F13: =AVERAGEIFS('2025 Coverage Grades by Team'!$C:$C, '2025 Coverage Grades by Team'!$A:$A, B13, '2025 Coverage Grades by Team'!$B:$B, "ED") -> 0.010415466 | G13: =_xlfn.XLOOKUP(B13, '2025 Pass Defense Outcomes'!$B:$B, '2025 Pass Defense Outcomes'!$G:$G) -> -0.09
... A33: Commanders | B33: WAS | C33: 0.73984818 | D33: =AVERAGEIFS('2025 Coverage Grades by Team'!$D:$D, '2025 Coverage Grades by Team'!$A:$A, B33, '2025 Coverage Grades by Team'!$B:$B, "CB") -> -0.056381291 | E33: =AVERAGEIFS('2025 Coverage Grades by Team'!$D:$D, '2025 Coverage Grades by Team'!$A:$A, B33, '2025 Coverage Grades by Team'!$B:$B, "S") -> -0.057246092 | F33: =AVERAGEIFS('2025 Coverage Grades by Team'!$C:$C, '2025 Coverage Grades by Team'!$A:$A, B33, '2025 Coverage Grades by Team'!$B:$B, "ED") -> -0.033833511 | G33: =_xlfn.XLOOKUP(B33, '2025 Pass Defense Outcomes'!$B:$B, '2025 Pass Defense Outcomes'!$G:$G) -> 0.23

Sheet 2025 Pass Defense Outcomes
A1: Team | B1: PFF Abbreviation | C1: Season | D1: EPA/Play | E1: Total EPA | F1: Success % | G1: EPA/Pass | H1: EPA/Rush | I1: Pass Yards | J1: Comp % | K1: Pass TD | L1: Rush Yards | M1: Rush TD | N1: ADoT | O1: Sack % | P1: Scramble % | Q1: Int %
A2: 1.Houston Texans | B2: HST | C2: 2025 | D2: -0.14 | E2: -94.32 | F2: 0.3783 | G2: -0.18 | H2: -0.06 | I2: 2354 | J2: 0.584 | K2: 12 | L2: 1100 | M2: 9 | N2: 8.48 | O2: 0.0793 | P2: 0.0466 | Q2: 0.028
A3: 2.Cleveland Browns | B3: CLV | C3: 2025 | D3: -0.11 | E3: -80.67 | F3: 0.3654 | G3: -0.08 | H3: -0.15 | I3: 2327 | J3: 0.6437 | K3: 18 | L3: 1216 | M3: 7 | N3: 8.32 | O3: 0.1086 | P3: 0.048 | Q3: 0.0227
A4: 3.Seattle Seahawks | B4: SEA | C4: 2025 | D4: -0.1 | E4: -79.48 | F4: 0.3971 | G4: -0.08 | H4: -0.14 | I4: 2699 | J4: 0.6321 | K4: 16 | L4: 1065 | M4: 7 | N4: 7.04 | O4: 0.0774 | P4: 0.0658 | Q4: 0.0251
A5: 4.Los Angeles Rams | B5: LA | C5: 2025 | D5: -0.1 | E5: -79.42 | F5: 0.4179 | G5: -0.12 | H5: -0.08 | I5: 2712 | J5: 0.6435 | K5: 16 | L5: 1294 | M5: 4 | N5: 8.05 | O5: 0.0702 | P5: 0.0404 | Q5: 0.0255
A6: 5.Jacksonville Jaguars | B6: JAX | C6: 2025 | D6: -0.08 | E6: -59.06 | F6: 0.4194 | G6: -0.1 | H6: -0.04 | I6: 2929 | J6: 0.6286 | K6: 22 | L6: 989 | M6: 7 | N6: 8.64 | O6: 0.0475 | P6: 0.0515 | Q6: 0.0257
A7: 6.Denver Broncos | B7: DEN | C7: 2025 | D7: -0.08 | E7: -60.23 | F7: 0.3735 | G7: -0.09 | H7: -0.06 | I7: 2636 | J7: 0.5776 | K7: 11 | L7: 1117 | M7: 9 | N7: 9.25 | O7: 0.1034 | P7: 0.0467 | Q7: 0.0142
A8: 7.Los Angeles Chargers | B8: LAC | C8: 2025 | D8: -0.06 | E8: -41.51 | F8: 0.4165 | G8: -0.08 | H8: -0.03 | I8: 2223 | J8: 0.6132 | K8: 12 | L8: 1283 | M8: 14 | N8: 7.68 | O8: 0.0827 | P8: 0.0681 | Q8: 0.0268
A9: 8.Philadelphia Eagles | B9: PHI | C9: 2025 | D9: -0.05 | E9: -39.15 | F9: 0.4308 | G9: -0.06 | H9: -0.03 | I9: 2742 | J9: 0.5642 | K9: 12 | L9: 1547 | M9: 14 | N9: 8.9 | O9: 0.0515 | P9: 0.0622 | Q9: 0.0172
A10: 9.New England Patriots | B10: NE | C10: 2025 | D10: -0.05 | E10: -35.38 | F10: 0.4476 | G10: -0.05 | H10: -0.04 | I10: 2861 | J10: 0.6643 | K10: 21 | L10: 1163 | M10: 5 | N10: 7.75 | O10: 0.0574 | P10: 0.0489 | Q10: 0.017
A11: 10.Minnesota Vikings | B11: MIN | C11: 2025 | D11: -0.05 | E11: -33.6 | F11: 0.4228 | G11: -0.05 | H11: -0.04 | I11: 2355 | J11: 0.6446 | K11: 14 | L11: 1541 | M11: 11 | N11: 7.29 | O11: 0.0807 | P11: 0.0547 | Q11: 0.0078
A12: 11.Indianapolis Colts | B12: IND | C12: 2025 | D12: -0.04 | E12: -28.82 | F12: 0.4496 | G12: -0.02 | H12: -0.06 | I12: 3181 | J12: 0.6389 | K12: 16 | L12: 1179 | M12: 11 | N12: 7.93 | O12: 0.0685 | P12: 0.0372 | Q12: 0.0235
A13: 12.Detroit Lions | B13: DET | C13: 2025 | D13: -0.03 | E13: -25.46 | F13: 0.3989 | G13: 0.01 | H13: -0.1 | I13: 2754 | J13: 0.6079 | K13: 25 | L13: 1244 | M13: 8 | N13: 10.4 | O13: 0.0736 | P13: 0.0529 | Q13: 0.0207
... A33: 32.Cincinnati Bengals | B33: CIN | C33: 2025 | D33: 0.15 | E33: 116.81 | F33: 0.4923 | G33: 0.19 | H33: 0.09 | I33: 3191 | J33: 0.6568 | K33: 26 | L33: 1839 | M33: 14 | N33: 7.75 | O33: 0.0399 | P33: 0.0621 | Q33: 0.0222

Sheet Defensive Schemes
A1: Team | B1: PFF Abbreviation | C1: Cover 0 % | D1: Cover 1 % | E1: Cover 1 Double % | F1: Cover 2 % | G1: Cover 3 % | H1: Quarter % | I1: Cover 6 % | J1: Cover 2 Man % | K1: Cover 3 Seam % | L1: Bracket Cover % | M1: Pass Coverage Entropy | N1: Pass Coverage Standardized Entropy
A2: Giants | B2: NYG | C2: 0.036 | D2: 0.277 | E2: 0.005 | F2: 0.088 | G2: 0.292 | H2: 0.164 | I2: 0.033 | J2: 0.009 | K2: 0.026 | L2: 0.008 | M2: 1.6600661 | N2: 0.72095754
A3: Saints | B3: NO | C3: 0.035 | D3: 0.112 | E3: 0 | F3: 0.055 | G3: 0.332 | H3: 0.221 | I3: 0.085 | J3: 0.004 | K3: 0.076 | L3: 0.001 | M3: 1.6561252 | N3: 0.71924603
A4: Chargers | B4: LAC | C4: 0.046 | D4: 0.071 | E4: 0.001 | F4: 0.098 | G4: 0.38 | H4: 0.241 | I4: 0.07 | J4: 0.011 | K4: 0.014 | L4: 0.018 | M4: 1.6424268 | N4: 0.71329689
A5: Rams | B5: LA | C5: 0.022 | D5: 0.135 | E5: 0.007 | F5: 0.153 | G5: 0.293 | H5: 0.152 | I5: 0.108 | J5: 0.001 | K5: 0.081 | L5: 0.002 | M5: 1.7855779 | N5: 0.77546662
A6: Vikings | B6: MIN | C6: 0.073 | D6: 0.071 | E6: 0.005 | F6: 0.205 | G6: 0.306 | H6: 0.119 | I6: 0.128 | J6: 0.018 | K6: 0.008 | L6: 0.005 | M6: 1.7464544 | N6: 0.7584755
A7: Eagles | B7: PHI | C7: 0.053 | D7: 0.179 | E7: 0.005 | F7: 0.027 | G7: 0.221 | H7: 0.13 | I7: 0.2 | J7: 0.009 | K7: 0.118 | L7: 0.004 | M7: 1.8250363 | N7: 0.79260319
A8: Seahawks | B8: SEA | C8: 0.041 | D8: 0.11 | E8: 0.003 | F8: 0.112 | G8: 0.29 | H8: 0.131 | I8: 0.211 | J8: 0.003 | K8: 0.062 | L8: 0.003 | M8: 1.7971822 | N8: 0.78050631
A9: Buccaneers | B9: TB | C9: 0.047 | D9: 0.154 | E9: 0.005 | F9: 0.139 | G9: 0.333 | H9: 0.151 | I9: 0.043 | J9: 0.023 | K9: 0.054 | L9: 0.011 | M9: 1.8135077 | N9: 0.78759639
A10: Dolphins | B10: MIA | C10: 0.066 | D10: 0.183 | E10: 0 | F10: 0.216 | G10: 0.322 | H10: 0.091 | I10: 0.058 | J10: 0.009 | K10: 0 | L10: 0.011 | M10: 1.6613494 | N10: 0.72151486
A11: Jets | B11: NYJ | C11: 0.05 | D11: 0.246 | E11: 0.001 | F11: 0.18 | G11: 0.253 | H11: 0.127 | I11: 0.021 | J11: 0.031 | K11: 0.021 | L11: 0.019 | M11: 1.7653876 | N11: 0.76669811
A12: Chiefs | B12: KC | C12: 0.06 | D12: 0.134 | E12: 0.007 | F12: 0.164 | G12: 0.245 | H12: 0.177 | I12: 0.06 | J12: 0.006 | K12: 0.073 | L12: 0.007 | M12: 1.8457421 | N12: 0.80159561
A13: Bills | B13: BUF | C13: 0.033 | D13: 0.166 | E13: 0 | F13: 0.146 | G13: 0.315 | H13: 0.122 | I13: 0.122 | J13: 0.026 | K13: 0.01 | L13: 0.003 | M13: 1.7271582 | N13: 0.75009529
... A33: Commanders | B33: WAS | C33: 0.034 | D33: 0.233 | E33: 0.003 | F33: 0.122 | G33: 0.302 | H33: 0.121 | I33: 0.071 | J33: 0.003 | K33: 0.043 | L33: 0.003 | M33: 1.7035634 | N33: 0.73984818

Sheet 2025 Coverage Grades by Team
A1: Team | B1: Player Position | C1: Advanced Player Grade | D1: Player Coverage Grade
A2: WAS | B2: ED | C2: 0.10192706 | D2: 0
A3: NO | B3: ED | C3: 0.099727064 | D3: 0
A4: WAS | B4: LB | C4: 0.032513592 | D4: -0.054545455
A5: TB | B5: LB | C5: 0.072648816 | D5: -0.057142857
A6: NO | B6: LB | C6: 0.10451281 | D6: -0.015625
A7: MIN | B7: S | C7: 0.050142474 | D7: -0.05982906
A8: PIT | B8: CB | C8: 0.044053726 | D8: -0.040892195
A9: BUF | B9: S | C9: 0.06738466 | D9: -0.03773585
A10: LAC | B10: S | C10: 0.081342861 | D10: -0.021978023
A11: DAL | B11: ED | C11: 0.078325897 | D11: 0
A12: LAC | B12: ED | C12: -0.22507404 | D12: 0
A13: SEA | B13: ED | C13: -0.0072540399 | D13: -0.125
... A693: DET | B693: ED | C693: 0.23062421 | D693: 0.21428572
